species,genus,fam,div,genus.only,dead,unknown,n.fixer,tree,wood.density,SLA,seed.mass,max.height
Acacia acinacea,Acacia,Mimosaceae,Anthophyta,0,0,0,1,0,0,0,1,1
Acacia acuaria,Acacia,Mimosaceae,Anthophyta,0,0,0,1,0,0,0,0,1
Acacia acuminata,Acacia,Mimosaceae,Anthophyta,0,0,0,1,0,1,0,1,1
Acacia aestivalis,Acacia,Mimosaceae,Anthophyta,0,0,0,1,0,0,0,1,1
Acacia amoena,Acacia,Mimosaceae,Anthophyta,0,0,0,1,0,0,0,1,1
Acacia argyrophylla,Acacia,Mimosaceae,Anthophyta,0,0,0,1,0,1,0,1,1
Acacia aspera,Acacia,Mimosaceae,Anthophyta,0,0,0,1,0,0,0,1,1
Acacia assimilis,Acacia,Mimosaceae,Anthophyta,0,0,0,1,0,0,0,1,1
Acacia baileyana,Acacia,Mimosaceae,Anthophyta,0,0,0,1,1,TS,TS,1,1
Acacia boormanii,Acacia,Mimosaceae,Anthophyta,0,0,0,1,0,0,0,1,1
Acacia brachybotrya,Acacia,Mimosaceae,Anthophyta,0,0,0,1,0,0,1,1,1
Acacia burkittii,Acacia,Mimosaceae,Anthophyta,0,0,0,1,0,0,1,1,1
Acacia buxifolia,Acacia,Mimosaceae,Anthophyta,0,0,0,1,0,JM,JM,1,1
Acacia calamifolia,Acacia,Mimosaceae,Anthophyta,0,0,0,1,0,0,0,1,1
Acacia cardiophylla,Acacia,Mimosaceae,Anthophyta,0,0,0,1,0,0,0,1,1
Acacia cheelii,Acacia,Mimosaceae,Anthophyta,0,0,0,1,1,0,1,1,1
Acacia colletioides,Acacia,Mimosaceae,Anthophyta,0,0,0,1,0,0,1,1,1
Acacia concurrens,Acacia,Mimosaceae,Anthophyta,0,0,0,1,1,1,1,1,1
Acacia covenyi,Acacia,Mimosaceae,Anthophyta,0,0,0,1,1,0,0,1,1
Acacia cupularis,Acacia,Mimosaceae,Anthophyta,0,0,0,1,0,0,0,1,1
Acacia cyclops,Acacia,Mimosaceae,Anthophyta,0,0,0,1,0,0,1,1,1
Acacia dealbata,Acacia,Mimosaceae,Anthophyta,0,0,0,1,1,1,1,1,1
Acacia deanei,Acacia,Mimosaceae,Anthophyta,0,0,0,1,0,TS,1,1,1
Acacia decora,Acacia,Mimosaceae,Anthophyta,0,0,0,1,0,TS,1,1,1
Acacia decurrens,Acacia,Mimosaceae,Anthophyta,0,0,0,1,1,1,1,1,1
Acacia difformis,Acacia,Mimosaceae,Anthophyta,0,0,0,1,0,0,0,1,1
Acacia disparrima,Acacia,Mimosaceae,Anthophyta,0,0,0,1,1,JM,0,1,1
Acacia euthycarpa,Acacia,Mimosaceae,Anthophyta,0,0,0,1,0,0,0,1,1
Acacia falcata,Acacia,Mimosaceae,Anthophyta,0,0,0,1,0,0,1,1,1
Acacia falciformis,Acacia,Mimosaceae,Anthophyta,0,0,0,1,1,TS,TS,1,1
Acacia fimbriata,Acacia,Mimosaceae,Anthophyta,0,0,0,1,0,JM,JM,1,1
Acacia floribunda,Acacia,Mimosaceae,Anthophyta,0,0,0,1,1,TS,1,1,1
Acacia genistifolia,Acacia,Mimosaceae,Anthophyta,0,0,0,1,0,0,1,1,1
Acacia gladiiformis,Acacia,Mimosaceae,Anthophyta,0,0,0,1,0,0,0,1,1
Acacia glaucocarpa,Acacia,Mimosaceae,Anthophyta,0,0,0,1,1,1,JM,1,1
Acacia hakeoides,Acacia,Mimosaceae,Anthophyta,0,0,0,1,0,0,1,1,1
Acacia harpophylla,Acacia,Mimosaceae,Anthophyta,0,0,0,1,1,1,1,1,1
Acacia hemiteles,Acacia,Mimosaceae,Anthophyta,0,0,0,1,0,0,0,1,1
Acacia homalophylla,Acacia,Mimosaceae,Anthophyta,0,0,0,1,1,1,1,1,1
Acacia howittii,Acacia,Mimosaceae,Anthophyta,0,0,0,1,1,0,0,1,1
Acacia implexa,Acacia,Mimosaceae,Anthophyta,0,0,0,1,1,1,1,1,1
Acacia irrorata,Acacia,Mimosaceae,Anthophyta,0,0,0,1,1,1,1,1,1
Acacia iteaphylla,Acacia,Mimosaceae,Anthophyta,0,0,0,1,0,0,0,1,1
Acacia kettlewelliae,Acacia,Mimosaceae,Anthophyta,0,0,0,1,1,0,0,1,1
Acacia kybeanensis,Acacia,Mimosaceae,Anthophyta,0,0,0,1,0,0,0,1,1
Acacia lasiocalyx,Acacia,Mimosaceae,Anthophyta,0,0,0,1,1,1,0,1,1
Acacia leiocalyx,Acacia,Mimosaceae,Anthophyta,0,0,0,1,0,1,JM,1,1
Acacia leucoclada,Acacia,Mimosaceae,Anthophyta,0,0,0,1,1,TS,TS,1,1
Acacia ligulata,Acacia,Mimosaceae,Anthophyta,0,0,0,1,0,0,1,1,1
Acacia ligustrina,Acacia,Mimosaceae,Anthophyta,0,0,0,1,0,0,0,1,1
Acacia linearifolia,Acacia,Mimosaceae,Anthophyta,0,0,0,1,1,0,0,1,1
Acacia lineata,Acacia,Mimosaceae,Anthophyta,0,0,0,1,0,0,1,1,1
Acacia longifolia,Acacia,Mimosaceae,Anthophyta,0,0,0,1,1,1,1,1,1
Acacia longissima,Acacia,Mimosaceae,Anthophyta,0,0,0,1,0,TS,1,1,1
Acacia maidenii,Acacia,Mimosaceae,Anthophyta,0,0,0,1,1,1,1,1,1
Acacia mangium,Acacia,Mimosaceae,Anthophyta,0,0,0,1,1,1,1,1,1
Acacia mearnsii,Acacia,Mimosaceae,Anthophyta,0,0,0,1,1,1,1,1,1
Acacia melanoxylon,Acacia,Mimosaceae,Anthophyta,0,0,0,1,1,1,1,1,1
Acacia microbotrya,Acacia,Mimosaceae,Anthophyta,0,0,0,1,1,0,0,1,1
Acacia microcarpa,Acacia,Mimosaceae,Anthophyta,0,0,0,1,0,0,0,1,1
Acacia montana,Acacia,Mimosaceae,Anthophyta,0,0,0,1,0,0,0,1,1
Acacia mucronata,Acacia,Mimosaceae,Anthophyta,0,0,0,1,1,0,0,1,1
Acacia neriifolia,Acacia,Mimosaceae,Anthophyta,0,0,0,1,1,JM,1,1,1
Acacia notabilis,Acacia,Mimosaceae,Anthophyta,0,0,0,1,0,0,0,1,1
Acacia oswaldii,Acacia,Mimosaceae,Anthophyta,0,0,0,1,0,1,1,1,1
Acacia oxycedrus,Acacia,Mimosaceae,Anthophyta,0,0,0,1,0,0,0,1,1
Acacia paradoxa,Acacia,Mimosaceae,Anthophyta,0,0,0,1,0,0,1,1,1
Acacia parramattensis,Acacia,Mimosaceae,Anthophyta,0,0,0,1,1,0,1,1,1
Acacia pendula,Acacia,Mimosaceae,Anthophyta,0,0,0,1,1,1,0,1,1
Acacia penninervis,Acacia,Mimosaceae,Anthophyta,0,0,0,1,1,1,1,1,1
Acacia polybotrya,Acacia,Mimosaceae,Anthophyta,0,0,0,1,0,TS,TS,1,1
Acacia pravissima,Acacia,Mimosaceae,Anthophyta,0,0,0,1,1,0,0,1,1
Acacia pulchella,Acacia,Mimosaceae,Anthophyta,0,0,0,1,0,0,0,1,1
Acacia pycnantha,Acacia,Mimosaceae,Anthophyta,0,0,0,1,1,0,0,1,1
Acacia redolens,Acacia,Mimosaceae,Anthophyta,0,0,0,1,0,0,0,1,1
Acacia resinimarginea,Acacia,Mimosaceae,Anthophyta,0,0,0,1,1,1,0,1,1
Acacia retinodes,Acacia,Mimosaceae,Anthophyta,0,0,0,1,1,0,0,1,1
Acacia rigens,Acacia,Mimosaceae,Anthophyta,0,0,0,1,0,0,1,1,1
Acacia rubida,Acacia,Mimosaceae,Anthophyta,0,0,0,1,1,0,1,1,1
Acacia salicina,Acacia,Mimosaceae,Anthophyta,0,0,0,1,1,1,1,1,1
Acacia saligna,Acacia,Mimosaceae,Anthophyta,0,0,0,1,1,0,1,1,1
Acacia sclerophylla,Acacia,Mimosaceae,Anthophyta,0,0,0,1,1,0,0,1,1
Acacia sp.,Acacia,Mimosaceae,Anthophyta,1,0,0,1,NA,NA,NA,NA,NA
Acacia spectabilis,Acacia,Mimosaceae,Anthophyta,0,0,0,1,0,1,0,1,1
Acacia stenophylla,Acacia,Mimosaceae,Anthophyta,0,0,0,1,1,1,1,1,1
Acacia trineura,Acacia,Mimosaceae,Anthophyta,0,0,0,1,0,0,1,1,1
Acacia triptera,Acacia,Mimosaceae,Anthophyta,0,0,0,1,0,0,0,1,1
Acacia verniciflua,Acacia,Mimosaceae,Anthophyta,0,0,0,1,0,0,0,1,1
Acacia verticillata,Acacia,Mimosaceae,Anthophyta,0,0,0,1,0,0,0,1,1
Acacia wattsiana,Acacia,Mimosaceae,Anthophyta,0,0,0,1,0,0,0,1,1
Acacia yorkrakinensis,Acacia,Mimosaceae,Anthophyta,0,0,0,1,0,0,0,1,1
Agathis sp.,Agathis,Araucariaceae,Pinophyta,1,0,0,0,NA,NA,NA,NA,NA
Alchornea ilicifolia,Alchornea,Euphorbiaceae,Anthophyta,0,0,0,0,0,0,0,1,1
Alectryon oleifolius,Alectryon,Sapindaceae,Anthophyta,0,0,0,0,1,1,1,1,1
Allocasuarina acutivalvis,Allocasuarina,Casuarinaceae,Anthophyta,0,0,0,1,1,1,0,1,1
Allocasuarina campestris,Allocasuarina,Casuarinaceae,Anthophyta,0,0,0,1,0,1,1,1,1
Allocasuarina fraseriana,Allocasuarina,Casuarinaceae,Anthophyta,0,0,0,1,1,1,0,1,1
Allocasuarina huegeliana,Allocasuarina,Casuarinaceae,Anthophyta,0,0,0,1,1,1,0,1,1
Allocasuarina littoralis,Allocasuarina,Casuarinaceae,Anthophyta,0,0,0,1,1,1,1,1,1
Allocasuarina luehmannii,Allocasuarina,Casuarinaceae,Anthophyta,0,0,0,1,1,1,JM,1,1
Allocasuarina muelleriana,Allocasuarina,Casuarinaceae,Anthophyta,0,0,0,1,0,0,0,1,1
Allocasuarina nana,Allocasuarina,Casuarinaceae,Anthophyta,0,0,0,1,0,0,0,1,1
Allocasuarina paludosa,Allocasuarina,Casuarinaceae,Anthophyta,0,0,0,1,0,0,0,1,1
Allocasuarina sp.,Allocasuarina,Casuarinaceae,Anthophyta,1,0,0,1,NA,NA,NA,NA,NA
Allocasuarina torulosa,Allocasuarina,Casuarinaceae,Anthophyta,0,0,0,1,1,1,1,1,1
Allocasuarina verticillata,Allocasuarina,Casuarinaceae,Anthophyta,0,0,0,1,1,0,0,1,1
Alphitonia excelsa,Alphitonia,Rhamnaceae,Anthophyta,0,0,0,0,1,1,1,1,1
Alphitonia petriei,Alphitonia,Rhamnaceae,Anthophyta,0,0,0,0,0,1,1,1,1
Alstonia constricta,Alstonia,Apocynaceae,Anthophyta,0,0,0,0,1,1,JM,1,1
Alstonia scholaris,Alstonia,Apocynaceae,Anthophyta,0,0,0,0,1,1,1,1,1
Alyxia buxifolia,Alyxia,Apocynaceae,Anthophyta,0,0,0,0,0,0,0,1,1
Alyxia sp.,Alyxia,Apocynaceae,Anthophyta,1,0,0,0,NA,NA,NA,NA,NA
Angophora floribunda,Angophora,Myrtaceae,Anthophyta,0,0,0,0,1,1,1,1,1
Angophora leiocarpa,Angophora,Myrtaceae,Anthophyta,0,0,0,0,1,JM,JM,1,1
Angophora sp.,Angophora,Myrtaceae,Anthophyta,1,0,0,0,NA,NA,NA,NA,NA
Angophora subvelutina,Angophora,Myrtaceae,Anthophyta,0,0,0,0,1,1,0,1,1
Araucaria bidwillii,Araucaria,Araucaraceae,Pinophyta,0,0,0,0,1,1,JM,1,1
Araucaria cunninghamii,Araucaria,Araucaraceae,Pinophyta,0,0,0,0,1,1,JM,1,1
Argyrodendron peralatum,Argyrodendron,Malvaceae,Anthophyta,0,0,0,0,1,1,1,1,1
Atalaya sp.,Atalaya,Sapindaceae,Anthophyta,1,0,0,0,NA,NA,NA,NA,NA
Atriplex nummularia,Atriplex,Amaranthaceae,Anthophyta,0,0,0,0,0,0,1,1,1
Atriplex paludosa,Atriplex,Amaranthaceae,Anthophyta,0,0,0,0,0,0,0,0,1
Babingtonia behrii,Babingtonia,Myrtaceae,Anthophyta,0,0,0,0,0,0,0,1,1
Baeckea sp.,Baeckea,Myrtaceae,Anthophyta,1,0,0,0,NA,NA,NA,NA,NA
Banksia attenuata,Banksia,Proteaceae,Anthophyta,0,0,0,0,1,0,1,1,1
Banksia grandis,Banksia,Proteaceae,Anthophyta,0,0,0,0,1,0,0,1,1
Banksia littoralis,Banksia,Proteaceae,Anthophyta,0,0,0,0,1,0,0,1,1
Banksia marginata,Banksia,Proteaceae,Anthophyta,0,0,0,0,1,1,1,1,1
Banksia menziesii,Banksia,Proteaceae,Anthophyta,0,0,0,0,0,0,1,1,1
Banksia ornata,Banksia,Proteaceae,Anthophyta,0,0,0,0,0,0,1,1,1
Banksia serrata,Banksia,Proteaceae,Anthophyta,0,0,0,0,1,1,1,1,1
Banksia sessilis,Banksia,Proteaceae,Anthophyta,0,0,0,0,0,1,1,1,1
Banksia sp.,Banksia,Proteaceae,Anthophyta,1,0,0,0,NA,NA,NA,NA,NA
Bedfordia arborescens,Bedfordia,Asteraceae,Anthophyta,0,0,0,0,0,0,0,1,1
Beyeria sp.,Beyeria,Euphorbiaceae,Anthophyta,1,0,0,0,NA,NA,NA,NA,NA
Beyeria viscosa,Beyeria,Euphorbiaceae,Anthophyta,0,0,0,0,0,0,1,1,1
Blepharocarya involucrigera,Blepharocarya,Anacardiaceae,Anthophyta,0,0,0,0,1,1,0,0,1
Brachychiton populneus,Brachychiton,Malvaceae,Anthophyta,0,0,0,0,1,1,1,1,1
Brachychiton sp.,Brachychiton,Malvaceae,Anthophyta,1,0,0,0,NA,NA,NA,NA,NA
Breynia oblongifolia,Breynia,Phyllanthaceae,Anthophyta,0,0,0,0,0,JM,1,1,1
Bridelia leichhardtii,Bridelia,Phyllanthaceae,Anthophyta,0,0,0,0,1,JM,JM,MS,1
Bursaria sp.,Bursaria,Pittosporaceae,Anthophyta,1,0,0,0,NA,NA,NA,NA,NA
Callistemon brachyandrus,Callistemon,Myrtaceae,Anthophyta,0,0,0,0,0,0,0,1,1
Callistemon pallidus,Callistemon,Myrtaceae,Anthophyta,0,0,0,0,0,0,0,1,1
Callistemon phoeniceus,Callistemon,Myrtaceae,Anthophyta,0,0,0,0,0,1,0,1,1
Callistemon pityoides,Callistemon,Myrtaceae,Anthophyta,0,0,0,0,0,0,0,1,1
Callistemon rugulosus,Callistemon,Myrtaceae,Anthophyta,0,0,0,0,0,0,0,1,1
Callistemon rupestris,Callistemon,Myrtaceae,Anthophyta,0,0,0,0,NA,0,0,0,0
Callistemon sp.,Callistemon,Myrtaceae,Anthophyta,1,0,0,0,NA,NA,NA,NA,NA
Callitris canescens,Callitris,Cupressaceae,Pinophyta,0,0,0,0,0,0,0,1,1
Callitris endlicheri,Callitris,Cupressaceae,Pinophyta,0,0,0,0,1,1,1,1,1
Callitris glaucophylla,Callitris,Cupressaceae,Pinophyta,0,0,0,0,1,1,1,1,1
Callitris gracilis,Callitris,Cupressaceae,Pinophyta,0,0,0,0,1,0,0,1,1
Callitris preissii,Callitris,Cupressaceae,Pinophyta,0,0,0,0,1,0,1,1,1
Callitris rhomboidea,Callitris,Cupressaceae,Pinophyta,0,0,0,0,1,1,0,1,1
Callitris sp.,Callitris,Cupressaceae,Pinophyta,1,0,0,0,NA,NA,NA,NA,NA
Callitris verrucosa,Callitris,Cupressaceae,Pinophyta,0,0,0,0,1,1,0,1,1
Calothamnus gilesii,Calothamnus,Myrtaceae,Anthophyta,0,0,0,0,0,0,0,1,1
Calothamnus quadrifidus,Calothamnus,Myrtaceae,Anthophyta,0,0,0,0,0,0,0,1,1
Calothamnus sp.,Calothamnus,Myrtaceae,Anthophyta,1,0,0,0,NA,NA,NA,NA,NA
Calytrix sp.,Calytrix,Myrtaceae,Anthophyta,1,0,0,0,NA,NA,NA,NA,NA
Canthium sp.,Canthium,Rubiaceae,Anthophyta,1,0,0,0,NA,NA,NA,NA,NA
Capparis mitchellii,Capparis,Capparaceae,Anthophyta,0,0,0,0,1,1,1,1,1
Capparis sp.,Capparis,Capparaceae,Anthophyta,1,0,0,0,NA,NA,NA,NA,NA
Cardwellia sublimis,Cardwellia,Proteaceae,Anthophyta,0,0,0,0,1,1,1,1,1
Carissa ovata,Carissa,Apocynaceae,Anthophyta,0,0,0,0,0,JM,1,1,1
Cassia sp.,Cassia,Fabaceae,Anthophyta,1,0,0,1,NA,NA,NA,NA,NA
Cassinia aculeata,Cassinia,Asteraceae,Anthophyta,0,0,0,0,0,0,0,1,1
Cassinia laevis,Cassinia,Asteraceae,Anthophyta,0,0,0,0,0,JM,1,1,1
Cassinia sp.,Cassinia,Asteraceae,Anthophyta,1,0,0,0,NA,NA,NA,NA,NA
Castanospermum australe,Castanospermum,Fabaceae,Anthophyta,0,0,0,1,1,1,1,1,1
Casuarina cristata,Casuarina,Casuarinaceae,Anthophyta,0,0,0,1,1,1,1,1,1
Casuarina cunninghamiana,Casuarina,Casuarinaceae,Anthophyta,0,0,0,1,1,1,1,1,1
Casuarina glauca,Casuarina,Casuarinaceae,Anthophyta,0,0,0,1,1,1,JM,1,1
Casuarina obesa,Casuarina,Casuarinaceae,Anthophyta,0,0,0,1,1,0,0,1,1
Casuarina sp.,Casuarina,Casuarinaceae,Anthophyta,1,0,0,1,NA,NA,NA,NA,NA
Cedrela odorata,Cedrela,Meliaceae,Anthophyta,0,0,0,0,1,1,1,1,1
Chamaecytisus palmensis,Chamaecytisus,Fabaceae,Anthophyta,0,0,0,1,0,0,0,1,1
Coprosma quadrifida,Coprosma,Rubiaceae,Anthophyta,0,0,0,0,0,0,1,1,1
Correa sp.,Correa,Rutaceae,Anthophyta,1,0,0,0,NA,NA,NA,NA,NA
Corymbia calophylla,Corymbia,Myrtaceae,Anthophyta,0,0,0,0,1,0,0,1,1
Corymbia citriodora,Corymbia,Myrtaceae,Anthophyta,0,0,0,0,1,1,1,1,1
Corymbia ficifolia,Corymbia,Myrtaceae,Anthophyta,0,0,0,0,1,0,0,1,1
Corymbia intermedia,Corymbia,Myrtaceae,Anthophyta,0,0,0,0,1,JM,JM,1,1
Corymbia maculata,Corymbia,Myrtaceae,Anthophyta,0,0,0,0,1,1,1,1,1
Corymbia sp.,Corymbia,Myrtaceae,Anthophyta,1,0,0,0,NA,NA,NA,NA,NA
Corymbia tessellaris,Corymbia,Myrtaceae,Anthophyta,0,0,0,0,1,1,1,1,1
Corymbia torelliana,Corymbia,Myrtaceae,Anthophyta,0,0,0,0,1,1,JM,1,1
Corymbia trachyphloia,Corymbia,Myrtaceae,Anthophyta,0,0,0,0,1,1,JM,1,1
Corymbia watsoniana,Corymbia,Myrtaceae,Anthophyta,0,0,0,0,1,1,0,1,1
Cupaniopsis sp.,Cupaniopsis,Sapindaceae,Anthophyta,1,0,0,0,NA,NA,NA,NA,NA
Cyperus sp.,Cyperus,Cyperaceae,Anthophyta,1,0,0,0,NA,NA,NA,NA,NA
Cytisus scoparius,Cytisus,Fabaceae,Anthophyta,0,0,0,1,0,1,1,1,1
Daviesia sp.,Daviesia,Fabaceae,Anthophyta,1,0,0,1,NA,NA,NA,NA,NA
Dead Acacia,Acacia,Mimosaceae,Anthophyta,0,1,0,1,NA,NA,NA,NA,NA
Dead shrub,Unknown,Unknown,Unknown,0,1,1,0,NA,NA,NA,NA,NA
Dead tree,Unknown,Unknown,Unknown,0,1,1,0,NA,NA,NA,NA,NA
Dead unknown,Unknown,Unknown,Unknown,0,1,1,0,NA,NA,NA,NA,NA
Dodonaea baueri,Dodonaea,Sapindaceae,Anthophyta,0,0,0,0,NA,0,0,0,0
Dodonaea sinuolata,Dodonaea,Sapindaceae,Anthophyta,0,0,0,0,0,TS,TS,1,1
Dodonaea sp.,Dodonaea,Sapindaceae,Anthophyta,1,0,0,0,NA,NA,NA,NA,NA
Dodonaea triangularis,Dodonaea,Sapindaceae,Anthophyta,0,0,0,0,0,JM,1,1,1
Dodonaea viscosa,Dodonaea,Sapindaceae,Anthophyta,0,0,0,0,0,1,1,1,1
Elaeocarpus grandis,Elaeocarpus,Elaeocarpaceae,Anthophyta,0,0,0,0,1,1,1,1,1
Enchylaena tomentosa,Enchylaena,Chenopodaceae,Anthophyta,0,0,0,0,0,0,1,1,1
Eremaea pauciflora,Eremaea,Myrtaceae,Anthophyta,0,0,0,0,0,0,1,1,1
Eremophila mitchellii,Eremophila,Scrophulariaceae,Anthophyta,0,0,0,0,1,1,1,1,1
Eremophila sp.,Eremophila,Scrophulariaceae,Anthophyta,1,0,0,0,NA,NA,NA,NA,NA
Eucalyptus acaciiformis,Eucalyptus,Myrtaceae,Anthophyta,0,0,0,0,1,TS,TS,1,1
Eucalyptus accedens,Eucalyptus,Myrtaceae,Anthophyta,0,0,0,0,1,1,0,1,1
Eucalyptus acmenoides,Eucalyptus,Myrtaceae,Anthophyta,0,0,0,0,1,1,1,1,1
Eucalyptus aggregata,Eucalyptus,Myrtaceae,Anthophyta,0,0,0,0,1,0,0,1,1
Eucalyptus albens,Eucalyptus,Myrtaceae,Anthophyta,0,0,0,0,1,1,TS,1,1
Eucalyptus albida,Eucalyptus,Myrtaceae,Anthophyta,0,0,0,0,0,1,1,1,1
Eucalyptus amplifolia,Eucalyptus,Myrtaceae,Anthophyta,0,0,0,0,1,1,1,1,1
Eucalyptus amygdalina,Eucalyptus,Myrtaceae,Anthophyta,0,0,0,0,1,1,0,1,1
Eucalyptus annulata,Eucalyptus,Myrtaceae,Anthophyta,0,0,0,0,1,1,0,1,1
Eucalyptus arachnaea,Eucalyptus,Myrtaceae,Anthophyta,0,0,0,0,1,0,0,1,1
Eucalyptus arenacea,Eucalyptus,Myrtaceae,Anthophyta,0,0,0,0,1,0,1,1,1
Eucalyptus argophloia,Eucalyptus,Myrtaceae,Anthophyta,0,0,0,0,1,1,0,1,1
Eucalyptus argyphea,Eucalyptus,Myrtaceae,Anthophyta,0,0,0,0,1,0,0,1,1
Eucalyptus astringens,Eucalyptus,Myrtaceae,Anthophyta,0,0,0,0,1,1,0,1,1
Eucalyptus baxteri,Eucalyptus,Myrtaceae,Anthophyta,0,0,0,0,1,1,1,1,1
Eucalyptus behriana,Eucalyptus,Myrtaceae,Anthophyta,0,0,0,0,1,0,1,1,1
Eucalyptus beyeriana,Eucalyptus,Myrtaceae,Anthophyta,0,0,0,0,1,0,0,1,1
Eucalyptus blakelyi,Eucalyptus,Myrtaceae,Anthophyta,0,0,0,0,1,1,1,1,1
Eucalyptus botryoides,Eucalyptus,Myrtaceae,Anthophyta,0,0,0,0,1,1,1,1,1
Eucalyptus brachycalyx,Eucalyptus,Myrtaceae,Anthophyta,0,0,0,0,1,0,0,1,1
Eucalyptus bridgesiana,Eucalyptus,Myrtaceae,Anthophyta,0,0,0,0,1,1,TS,1,1
Eucalyptus brockwayi,Eucalyptus,Myrtaceae,Anthophyta,0,0,0,0,1,1,0,1,1
Eucalyptus calycogona,Eucalyptus,Myrtaceae,Anthophyta,0,0,0,0,1,1,0,1,1
Eucalyptus camaldulensis,Eucalyptus,Myrtaceae,Anthophyta,0,0,0,0,1,1,1,1,1
Eucalyptus campaspe,Eucalyptus,Myrtaceae,Anthophyta,0,0,0,0,1,1,0,1,1
Eucalyptus camphora,Eucalyptus,Myrtaceae,Anthophyta,0,0,0,0,1,0,0,1,1
Eucalyptus capillosa,Eucalyptus,Myrtaceae,Anthophyta,0,0,0,0,NA,0,0,0,0
Eucalyptus captiosa,Eucalyptus,Myrtaceae,Anthophyta,0,0,0,0,0,0,0,1,1
Eucalyptus celastroides,Eucalyptus,Myrtaceae,Anthophyta,0,0,0,0,1,1,0,1,1
Eucalyptus cinerea,Eucalyptus,Myrtaceae,Anthophyta,0,0,0,0,1,1,0,1,1
Eucalyptus cladocalyx,Eucalyptus,Myrtaceae,Anthophyta,0,0,0,0,1,1,1,1,1
Eucalyptus clivicola,Eucalyptus,Myrtaceae,Anthophyta,0,0,0,0,NA,0,0,0,0
Eucalyptus cloeziana,Eucalyptus,Myrtaceae,Anthophyta,0,0,0,0,1,1,1,1,1
Eucalyptus cneorifolia,Eucalyptus,Myrtaceae,Anthophyta,0,0,0,0,1,0,0,1,1
Eucalyptus coccifera,Eucalyptus,Myrtaceae,Anthophyta,0,0,0,0,1,0,0,1,1
Eucalyptus conferruminata,Eucalyptus,Myrtaceae,Anthophyta,0,0,0,0,1,0,0,1,1
Eucalyptus conglobata,Eucalyptus,Myrtaceae,Anthophyta,0,0,0,0,1,0,0,1,1
Eucalyptus conica,Eucalyptus,Myrtaceae,Anthophyta,0,0,0,0,1,1,TS,1,1
Eucalyptus consideniana,Eucalyptus,Myrtaceae,Anthophyta,0,0,0,0,1,1,0,1,1
Eucalyptus crebra,Eucalyptus,Myrtaceae,Anthophyta,0,0,0,0,1,1,1,1,1
Eucalyptus crenulata,Eucalyptus,Myrtaceae,Anthophyta,0,0,0,0,1,0,0,1,1
Eucalyptus cyanophylla,Eucalyptus,Myrtaceae,Anthophyta,0,0,0,0,0,0,0,1,1
Eucalyptus cylindrocarpa,Eucalyptus,Myrtaceae,Anthophyta,0,0,0,0,1,1,0,1,1
Eucalyptus cypellocarpa,Eucalyptus,Myrtaceae,Anthophyta,0,0,0,0,1,1,0,1,1
Eucalyptus dalrympleana,Eucalyptus,Myrtaceae,Anthophyta,0,0,0,0,1,1,0,1,1
Eucalyptus dawsonii,Eucalyptus,Myrtaceae,Anthophyta,0,0,0,0,1,0,0,1,1
Eucalyptus dealbata,Eucalyptus,Myrtaceae,Anthophyta,0,0,0,0,1,1,1,1,1
Eucalyptus decipiens,Eucalyptus,Myrtaceae,Anthophyta,0,0,0,0,1,0,0,1,1
Eucalyptus diptera,Eucalyptus,Myrtaceae,Anthophyta,0,0,0,0,1,1,0,1,1
Eucalyptus diversifolia,Eucalyptus,Myrtaceae,Anthophyta,0,0,0,0,0,0,1,1,1
Eucalyptus dives,Eucalyptus,Myrtaceae,Anthophyta,0,0,0,0,1,1,1,1,1
Eucalyptus dumosa,Eucalyptus,Myrtaceae,Anthophyta,0,0,0,0,1,1,1,1,1
Eucalyptus dundasii,Eucalyptus,Myrtaceae,Anthophyta,0,0,0,0,1,1,0,1,1
Eucalyptus dunnii,Eucalyptus,Myrtaceae,Anthophyta,0,0,0,0,1,1,1,1,1
Eucalyptus dwyeri,Eucalyptus,Myrtaceae,Anthophyta,0,0,0,0,1,0,1,1,1
Eucalyptus elata,Eucalyptus,Myrtaceae,Anthophyta,0,0,0,0,1,1,0,1,1
Eucalyptus eremophila,Eucalyptus,Myrtaceae,Anthophyta,0,0,0,0,1,1,0,1,1
Eucalyptus erythronema,Eucalyptus,Myrtaceae,Anthophyta,0,0,0,0,0,1,0,1,1
Eucalyptus eugenioides,Eucalyptus,Myrtaceae,Anthophyta,0,0,0,0,1,1,JM,1,1
Eucalyptus extensa,Eucalyptus,Myrtaceae,Anthophyta,0,0,0,0,1,0,0,1,1
Eucalyptus falcata,Eucalyptus,Myrtaceae,Anthophyta,0,0,0,0,0,0,0,1,1
Eucalyptus fasciculosa,Eucalyptus,Myrtaceae,Anthophyta,0,0,0,0,1,0,0,1,1
Eucalyptus fastigata,Eucalyptus,Myrtaceae,Anthophyta,0,0,0,0,1,1,0,1,1
Eucalyptus fibrosa,Eucalyptus,Myrtaceae,Anthophyta,0,0,0,0,1,1,1,1,1
Eucalyptus flocktoniae,Eucalyptus,Myrtaceae,Anthophyta,0,0,0,0,1,1,0,1,1
Eucalyptus forrestiana,Eucalyptus,Myrtaceae,Anthophyta,0,0,0,0,0,0,0,1,1
Eucalyptus frenchiana,Eucalyptus,Myrtaceae,Anthophyta,0,0,0,0,1,0,0,1,1
Eucalyptus gardneri,Eucalyptus,Myrtaceae,Anthophyta,0,0,0,0,1,0,0,1,1
Eucalyptus globulus,Eucalyptus,Myrtaceae,Anthophyta,0,0,0,0,1,1,1,1,1
Eucalyptus gomphocephala,Eucalyptus,Myrtaceae,Anthophyta,0,0,0,0,1,1,0,1,1
Eucalyptus goniocalyx,Eucalyptus,Myrtaceae,Anthophyta,0,0,0,0,1,1,1,1,1
Eucalyptus gracilis,Eucalyptus,Myrtaceae,Anthophyta,0,0,0,0,1,1,1,1,1
Eucalyptus grandis,Eucalyptus,Myrtaceae,Anthophyta,0,0,0,0,1,1,1,1,1
Eucalyptus gunnii,Eucalyptus,Myrtaceae,Anthophyta,0,0,0,0,1,0,0,1,1
Eucalyptus haemastoma,Eucalyptus,Myrtaceae,Anthophyta,0,0,0,0,1,1,1,1,1
Eucalyptus horistes,Eucalyptus,Myrtaceae,Anthophyta,0,0,0,0,1,0,0,1,1
Eucalyptus incrassata,Eucalyptus,Myrtaceae,Anthophyta,0,0,0,0,0,0,1,1,1
Eucalyptus kitsoniana,Eucalyptus,Myrtaceae,Anthophyta,0,0,0,0,1,0,0,1,1
Eucalyptus kochii,Eucalyptus,Myrtaceae,Anthophyta,0,0,0,0,1,0,0,1,1
Eucalyptus kondininensis,Eucalyptus,Myrtaceae,Anthophyta,0,0,0,0,1,0,0,1,1
Eucalyptus kruseana,Eucalyptus,Myrtaceae,Anthophyta,0,0,0,0,0,0,0,1,1
Eucalyptus largiflorens,Eucalyptus,Myrtaceae,Anthophyta,0,0,0,0,1,1,1,1,1
Eucalyptus lehmannii,Eucalyptus,Myrtaceae,Anthophyta,0,0,0,0,1,0,0,1,1
Eucalyptus leptophylla,Eucalyptus,Myrtaceae,Anthophyta,0,0,0,0,1,0,1,1,1
Eucalyptus leptopoda,Eucalyptus,Myrtaceae,Anthophyta,0,0,0,0,1,1,0,1,1
Eucalyptus leucoxylon,Eucalyptus,Myrtaceae,Anthophyta,0,0,0,0,1,1,1,1,1
Eucalyptus longicornis,Eucalyptus,Myrtaceae,Anthophyta,0,0,0,0,1,1,0,1,1
Eucalyptus longifolia,Eucalyptus,Myrtaceae,Anthophyta,0,0,0,0,1,1,0,1,1
Eucalyptus loxophleba,Eucalyptus,Myrtaceae,Anthophyta,0,0,0,0,1,1,0,1,1
Eucalyptus macarthurii,Eucalyptus,Myrtaceae,Anthophyta,0,0,0,0,1,1,0,1,1
Eucalyptus macrorhyncha,Eucalyptus,Myrtaceae,Anthophyta,0,0,0,0,1,1,0,1,1
Eucalyptus mannifera,Eucalyptus,Myrtaceae,Anthophyta,0,0,0,0,1,1,1,1,1
Eucalyptus marginata,Eucalyptus,Myrtaceae,Anthophyta,0,0,0,0,1,1,1,1,1
Eucalyptus megacarpa,Eucalyptus,Myrtaceae,Anthophyta,0,0,0,0,1,1,0,1,1
Eucalyptus megacornuta,Eucalyptus,Myrtaceae,Anthophyta,0,0,0,0,1,0,0,1,1
Eucalyptus melanophloia,Eucalyptus,Myrtaceae,Anthophyta,0,0,0,0,1,1,1,1,1
Eucalyptus melanoxylon,Eucalyptus,Myrtaceae,Anthophyta,0,0,0,0,1,1,0,1,1
Eucalyptus melliodora,Eucalyptus,Myrtaceae,Anthophyta,0,0,0,0,1,1,1,1,1
Eucalyptus microcarpa,Eucalyptus,Myrtaceae,Anthophyta,0,0,0,0,1,1,1,1,1
Eucalyptus microcorys,Eucalyptus,Myrtaceae,Anthophyta,0,0,0,0,1,1,JM,1,1
Eucalyptus moluccana,Eucalyptus,Myrtaceae,Anthophyta,0,0,0,0,1,1,JM,1,1
Eucalyptus nicholii,Eucalyptus,Myrtaceae,Anthophyta,0,0,0,0,1,0,0,1,1
Eucalyptus nitens,Eucalyptus,Myrtaceae,Anthophyta,0,0,0,0,1,1,1,1,1
Eucalyptus nitida,Eucalyptus,Myrtaceae,Anthophyta,0,0,0,0,1,0,0,1,1
Eucalyptus obliqua,Eucalyptus,Myrtaceae,Anthophyta,0,0,0,0,1,1,1,1,1
Eucalyptus occidentalis,Eucalyptus,Myrtaceae,Anthophyta,0,0,0,0,1,0,0,1,1
Eucalyptus odorata,Eucalyptus,Myrtaceae,Anthophyta,0,0,0,0,1,0,0,1,1
Eucalyptus oleosa,Eucalyptus,Myrtaceae,Anthophyta,0,0,0,0,1,1,0,1,1
Eucalyptus ovata,Eucalyptus,Myrtaceae,Anthophyta,0,0,0,0,1,1,0,1,1
Eucalyptus paniculata,Eucalyptus,Myrtaceae,Anthophyta,0,0,0,0,1,1,1,1,1
Eucalyptus patens,Eucalyptus,Myrtaceae,Anthophyta,0,0,0,0,1,1,0,1,1
Eucalyptus pauciflora,Eucalyptus,Myrtaceae,Anthophyta,0,0,0,0,1,1,1,1,1
Eucalyptus pellita,Eucalyptus,Myrtaceae,Anthophyta,0,0,0,0,NA,1,0,1,0
Eucalyptus perriniana,Eucalyptus,Myrtaceae,Anthophyta,0,0,0,0,1,0,0,1,1
Eucalyptus phaenophylla,Eucalyptus,Myrtaceae,Anthophyta,0,0,0,0,0,0,0,1,1
Eucalyptus phenax,Eucalyptus,Myrtaceae,Anthophyta,0,0,0,0,1,0,0,1,1
Eucalyptus pileata,Eucalyptus,Myrtaceae,Anthophyta,0,0,0,0,1,0,0,1,1
Eucalyptus pilularis,Eucalyptus,Myrtaceae,Anthophyta,0,0,0,0,1,1,1,1,1
Eucalyptus platypus,Eucalyptus,Myrtaceae,Anthophyta,0,0,0,0,1,0,0,1,1
Eucalyptus pleurocarpa,Eucalyptus,Myrtaceae,Anthophyta,0,0,0,0,0,0,0,1,1
Eucalyptus pluricaulis,Eucalyptus,Myrtaceae,Anthophyta,0,0,0,0,0,0,0,1,1
Eucalyptus polyanthemos,Eucalyptus,Myrtaceae,Anthophyta,0,0,0,0,1,1,1,1,1
Eucalyptus polybractea,Eucalyptus,Myrtaceae,Anthophyta,0,0,0,0,1,0,1,1,1
Eucalyptus populnea,Eucalyptus,Myrtaceae,Anthophyta,0,0,0,0,1,1,1,1,1
Eucalyptus porosa,Eucalyptus,Myrtaceae,Anthophyta,0,0,0,0,1,0,0,1,1
Eucalyptus preissiana,Eucalyptus,Myrtaceae,Anthophyta,0,0,0,0,0,0,0,1,1
Eucalyptus propinqua,Eucalyptus,Myrtaceae,Anthophyta,0,0,0,0,1,1,1,1,1
Eucalyptus pulchella,Eucalyptus,Myrtaceae,Anthophyta,0,0,0,0,1,0,0,1,1
Eucalyptus punctata,Eucalyptus,Myrtaceae,Anthophyta,0,0,0,0,1,1,0,1,1
Eucalyptus radiata,Eucalyptus,Myrtaceae,Anthophyta,0,0,0,0,1,1,TS,1,1
Eucalyptus regnans,Eucalyptus,Myrtaceae,Anthophyta,0,0,0,0,1,1,1,1,1
Eucalyptus resinifera,Eucalyptus,Myrtaceae,Anthophyta,0,0,0,0,1,1,0,1,1
Eucalyptus rodwayi,Eucalyptus,Myrtaceae,Anthophyta,0,0,0,0,1,0,0,1,1
Eucalyptus rossii,Eucalyptus,Myrtaceae,Anthophyta,0,0,0,0,1,1,1,1,1
Eucalyptus rubida,Eucalyptus,Myrtaceae,Anthophyta,0,0,0,0,1,1,0,1,1
Eucalyptus rudis,Eucalyptus,Myrtaceae,Anthophyta,0,0,0,0,1,1,0,1,1
Eucalyptus saligna,Eucalyptus,Myrtaceae,Anthophyta,0,0,0,0,1,1,1,1,1
Eucalyptus salmonophloia,Eucalyptus,Myrtaceae,Anthophyta,0,0,0,0,1,1,1,1,1
Eucalyptus salubris,Eucalyptus,Myrtaceae,Anthophyta,0,0,0,0,1,1,0,1,1
Eucalyptus sargentii,Eucalyptus,Myrtaceae,Anthophyta,0,0,0,0,1,0,0,1,1
Eucalyptus sheathiana,Eucalyptus,Myrtaceae,Anthophyta,0,0,0,0,1,1,0,1,1
Eucalyptus siderophloia,Eucalyptus,Myrtaceae,Anthophyta,0,0,0,0,1,1,0,1,1
Eucalyptus sideroxylon,Eucalyptus,Myrtaceae,Anthophyta,0,0,0,0,1,1,1,1,1
Eucalyptus silvestris,Eucalyptus,Myrtaceae,Anthophyta,0,0,0,0,1,0,0,1,1
Eucalyptus socialis,Eucalyptus,Myrtaceae,Anthophyta,0,0,0,0,0,0,1,1,1
Eucalyptus sp.,Eucalyptus,Myrtaceae,Anthophyta,1,0,0,0,NA,NA,NA,NA,NA
Eucalyptus spathulata,Eucalyptus,Myrtaceae,Anthophyta,0,0,0,0,1,0,0,1,1
Eucalyptus sporadica,Eucalyptus,Myrtaceae,Anthophyta,0,0,0,0,1,0,0,1,1
Eucalyptus stellulata,Eucalyptus,Myrtaceae,Anthophyta,0,0,0,0,1,0,0,1,1
Eucalyptus strzeleckii,Eucalyptus,Myrtaceae,Anthophyta,0,0,0,0,1,0,0,1,1
Eucalyptus subangusta,Eucalyptus,Myrtaceae,Anthophyta,0,0,0,0,1,0,0,1,1
Eucalyptus talyuberlup,Eucalyptus,Myrtaceae,Anthophyta,0,0,0,0,1,0,0,1,1
Eucalyptus tenuiramis,Eucalyptus,Myrtaceae,Anthophyta,0,0,0,0,1,0,0,1,1
Eucalyptus tereticornis,Eucalyptus,Myrtaceae,Anthophyta,0,0,0,0,1,1,1,1,1
Eucalyptus thamnoides,Eucalyptus,Myrtaceae,Anthophyta,0,0,0,0,0,0,0,1,1
Eucalyptus torquata,Eucalyptus,Myrtaceae,Anthophyta,0,0,0,0,1,1,0,1,1
Eucalyptus tricarpa,Eucalyptus,Myrtaceae,Anthophyta,0,0,0,0,1,0,0,1,1
Eucalyptus uncinata,Eucalyptus,Myrtaceae,Anthophyta,0,0,0,0,1,0,0,1,1
Eucalyptus urophylla,Eucalyptus,Myrtaceae,Anthophyta,0,0,0,0,NA,1,0,1,0
Eucalyptus utilis,Eucalyptus,Myrtaceae,Anthophyta,0,0,0,0,1,0,0,1,1
Eucalyptus vegrandis,Eucalyptus,Myrtaceae,Anthophyta,0,0,0,0,0,0,0,1,1
Eucalyptus viminalis,Eucalyptus,Myrtaceae,Anthophyta,0,0,0,0,1,1,1,1,1
Eucalyptus viridis,Eucalyptus,Myrtaceae,Anthophyta,0,0,0,0,1,JM,1,1,1
Eucalyptus wandoo,Eucalyptus,Myrtaceae,Anthophyta,0,0,0,0,1,1,0,1,1
Eucalyptus willisii,Eucalyptus,Myrtaceae,Anthophyta,0,0,0,0,1,0,0,1,1
Eucalyptus wimmerensis,Eucalyptus,Myrtaceae,Anthophyta,0,0,0,0,1,0,0,1,1
Eucalyptus woollsiana,Eucalyptus,Myrtaceae,Anthophyta,0,0,0,0,1,1,TS,1,1
Eucalyptus xanthonema,Eucalyptus,Myrtaceae,Anthophyta,0,0,0,0,0,0,0,1,1
Eucalyptus yilgarnensis,Eucalyptus,Myrtaceae,Anthophyta,0,0,0,0,0,1,0,1,1
Euphorbia sp.,Euphorbia,Euphorbiaceae,Anthophyta,1,0,0,0,NA,NA,NA,NA,NA
Eupomatia laurina,Eupomatia,Eupomatiaceae,Anthophyta,0,0,0,0,1,1,1,JM,1
Euroschinus falcatus,Euroschinus,Anacardiaceae,Anthophyta,0,0,0,0,1,1,1,0,1
Eutaxia myrtifolia,Eutaxia,Fabaceae,Anthophyta,0,0,0,1,0,0,0,1,1
Exocarpos aphyllus,Exoparpos,Santalaceae,Anthophyta,0,0,0,0,0,1,1,1,1
Exocarpos cupressiformis,Exoparpos,Santalaceae,Anthophyta,0,0,0,0,1,1,1,1,1
Exocarpos latifolius,Exoparpos,Santalaceae,Anthophyta,0,0,0,0,1,1,JM,1,1
Exocarpos sp.,Exoparpos,Santalaceae,Anthophyta,1,0,0,0,NA,NA,NA,NA,NA
Exocarpos sparteus,Exoparpos,Santalaceae,Anthophyta,0,0,0,0,0,0,0,1,1
Flindersia australis,Flindersia,Rutaceae,Anthophyta,0,0,0,0,1,1,1,1,1
Flindersia bourjotiana,Flindersia,Rutaceae,Anthophyta,0,0,0,0,NA,1,1,1,0
Flindersia brayleyana,Flindersia,Rutaceae,Anthophyta,0,0,0,0,1,1,1,1,1
Flindersia ifflana,Flindersia,Rutaceae,Anthophyta,0,0,0,0,NA,1,0,0,0
Flindersia pimenteliana,Flindersia,Rutaceae,Anthophyta,0,0,0,0,NA,1,0,1,0
Flindersia schottiana,Flindersia,Rutaceae,Anthophyta,0,0,0,0,1,1,1,1,1
Flindersia sp.,Flindersia,Rutaceae,Anthophyta,1,0,0,0,NA,NA,NA,NA,NA
Gastrolobium sp.,Gastrolobium,Fabaceae,Anthophyta,1,0,0,1,NA,NA,NA,NA,NA
Geijera parviflora,Geijera,Rutaceae,Anthophyta,0,0,0,0,1,1,1,1,1
Glochidion ferdinandi,Glochidion,Phyllanthaceae,Anthophyta,0,0,0,0,1,1,1,1,1
Goodenia ovata,Goodenia,Goodeniacea,Anthophyta,0,0,0,0,0,0,1,1,1
Graptophyllum sp.,Graptophyllum,Acanthaceae,Anthophyta,1,0,0,0,NA,NA,NA,NA,NA
Grevillea huegelii,Grevillea,Proteaceae,Anthophyta,0,0,0,0,0,0,1,0,1
Grevillea petrophiloides,Grevillea,Proteaceae,Anthophyta,0,0,0,0,0,0,0,1,1
Grevillea robusta,Grevillea,Proteaceae,Anthophyta,0,0,0,0,1,1,1,1,1
Grevillea sp.,Grevillea,Proteaceae,Anthophyta,1,0,0,0,NA,NA,NA,NA,NA
Gynatrix pulchella,Gynatrix,Proteaceae,Anthophyta,0,0,0,0,0,0,0,1,1
Hakea corymbosa,Hakea,Proteaceae,Anthophyta,0,0,0,0,0,0,1,1,1
Hakea dactyloides,Hakea,Proteaceae,Anthophyta,0,0,0,0,0,1,1,1,1
Hakea francisiana,Hakea,Proteaceae,Anthophyta,0,0,0,0,1,1,1,1,1
Hakea laurina,Hakea,Proteaceae,Anthophyta,0,0,0,0,0,0,1,1,1
Hakea leucoptera,Hakea,Proteaceae,Anthophyta,0,0,0,0,1,1,1,1,1
Hakea microcarpa,Hakea,Proteaceae,Anthophyta,0,0,0,0,0,0,0,1,1
Hakea mitchellii,Hakea,Proteaceae,Anthophyta,0,0,0,0,0,0,1,1,1
Hakea multilineata,Hakea,Proteaceae,Anthophyta,0,0,0,0,0,0,1,1,1
Hakea nitida,Hakea,Proteaceae,Anthophyta,0,0,0,0,0,0,1,1,1
Hakea pandanicarpa,Hakea,Proteaceae,Anthophyta,0,0,0,0,0,0,1,1,1
Hakea petiolaris,Hakea,Proteaceae,Anthophyta,0,0,0,0,1,0,1,1,1
Hakea preissii,Hakea,Proteaceae,Anthophyta,0,0,0,0,0,1,1,1,1
Hakea prostrata,Hakea,Proteaceae,Anthophyta,0,0,0,0,0,0,1,1,1
Hakea rostrata,Hakea,Proteaceae,Anthophyta,0,0,0,0,0,0,0,1,1
Hakea rugosa,Hakea,Proteaceae,Anthophyta,0,0,0,0,NA,0,0,0,0
Hakea sp.,Hakea,Proteaceae,Anthophyta,1,0,0,0,NA,NA,NA,NA,NA
Hakea trifurcata,Hakea,Proteaceae,Anthophyta,0,0,0,0,0,0,1,1,1
Hakea ulicina,Hakea,Proteaceae,Anthophyta,0,0,0,0,0,0,1,1,1
Hedycarya angustifolia,Hedycarya,Monimiaceae,Anthophyta,0,0,0,0,1,0,1,1,1
Hovea linearis,Hovea,Fabaceae,Anthophyta,0,0,0,1,0,0,1,1,1
Jacksonia scoparia,Jacksonia,Fabaceae,Anthophyta,0,0,0,1,1,JM,JM,1,1
Jagera pseudorhus,Jagera,Sapindaceae,Anthophyta,0,0,0,0,1,1,0,1,1
Khaya anthotheca,Khaya,Meliaceae,Anthophyta,0,0,0,0,NA,1,1,1,0
Kingia australis,Kingia,Dasypogonaceae,Anthophyta,0,0,0,0,1,0,0,0,1
Kunzea baxteri,Kunzea,Myrtaceae,Anthophyta,0,0,0,0,0,0,0,0,1
Kunzea ericifolia,Kunzea,Myrtaceae,Anthophyta,0,0,0,0,0,0,0,1,1
Kunzea ericoides,Kunzea,Myrtaceae,Anthophyta,0,0,0,0,0,1,1,1,1
Kunzea sp.,Kunzea,Myrtaceae,Anthophyta,1,0,0,0,NA,NA,NA,NA,NA
Lantana camara,Lantana,Verbenaceae,Anthophyta,0,0,0,0,0,JM,1,1,1
Leptomeria drupacea,Leptomeria,Santalaceae,Anthophyta,0,0,0,0,0,0,0,1,1
Leptospermum continentale,Leptospermum,Myrtaceae,Anthophyta,0,0,0,0,0,0,0,1,1
Leptospermum coriaceum,Leptospermum,Myrtaceae,Anthophyta,0,0,0,0,0,0,0,1,1
Leptospermum laevigatum,Leptospermum,Myrtaceae,Anthophyta,0,0,0,0,0,0,1,1,1
Leptospermum lanigerum,Leptospermum,Myrtaceae,Anthophyta,0,0,0,0,0,1,1,1,1
Leptospermum scoparium,Leptospermum,Myrtaceae,Anthophyta,0,0,0,0,0,1,1,1,1
Leptospermum sp.,Leptospermum,Myrtaceae,Anthophyta,1,0,0,0,NA,NA,NA,NA,NA
Leucopogon parviflorus,Leucopogon,Ericaceae,Anthophyta,0,0,0,0,0,0,1,1,1
Ligustrum lucidum,Ligustrum,Oleaceae,Anthophyta,0,0,0,0,1,1,1,1,1
Lomatia fraseri,Lomatia,Proteaceae,Anthophyta,0,0,0,0,1,0,1,1,1
Lophostemon confertus,Lophostemon,Myrtaceae,Anthophyta,0,0,0,0,1,1,1,1,1
Lophostemon suaveolens,Lophostemon,Myrtaceae,Anthophyta,0,0,0,0,1,1,1,1,1
Lycium australe,Lycium,Solanaceae,Anthophyta,0,0,0,0,0,0,0,1,1
Maireana brevifolia,Maireena,Chenopodiaceae,Anthophyta,0,0,0,0,0,0,1,1,1
Maytenus sp.,Maytenus,Celastraceae,Anthophyta,1,0,0,0,NA,NA,NA,NA,NA
Melaleuca acuminata,Melaleuca,Myrtaceae,Anthophyta,0,0,0,0,0,0,0,1,1
Melaleuca adnata,Melaleuca,Myrtaceae,Anthophyta,0,0,0,0,0,0,0,1,1
Melaleuca armillaris,Melaleuca,Myrtaceae,Anthophyta,0,0,0,0,1,0,0,1,1
Melaleuca bracteata,Melaleuca,Myrtaceae,Anthophyta,0,0,0,0,1,1,0,1,1
Melaleuca brevifolia,Melaleuca,Myrtaceae,Anthophyta,0,0,0,0,0,0,0,1,1
Melaleuca cuticularis,Melaleuca,Myrtaceae,Anthophyta,0,0,0,0,1,0,0,1,1
Melaleuca decussata,Melaleuca,Myrtaceae,Anthophyta,0,0,0,0,0,0,0,1,1
Melaleuca ericifolia,Melaleuca,Myrtaceae,Anthophyta,0,0,0,0,1,0,0,1,1
Melaleuca halmaturorum,Melaleuca,Myrtaceae,Anthophyta,0,0,0,0,0,0,0,1,1
Melaleuca hamata,Melaleuca,Myrtaceae,Anthophyta,0,0,0,0,0,0,0,1,1
Melaleuca hamulosa,Melaleuca,Myrtaceae,Anthophyta,0,0,0,0,0,0,0,1,1
Melaleuca incana,Melaleuca,Myrtaceae,Anthophyta,0,0,0,0,0,0,0,1,1
Melaleuca lanceolata,Melaleuca,Myrtaceae,Anthophyta,0,0,0,0,1,0,1,1,1
Melaleuca lateriflora,Melaleuca,Myrtaceae,Anthophyta,0,0,0,0,1,0,0,1,1
Melaleuca leucadendra,Melaleuca,Myrtaceae,Anthophyta,0,0,0,0,1,1,1,1,1
Melaleuca nesophila,Melaleuca,Myrtaceae,Anthophyta,0,0,0,0,0,0,0,1,1
Melaleuca pauperiflora,Melaleuca,Myrtaceae,Anthophyta,0,0,0,0,0,1,0,1,1
Melaleuca preissiana,Melaleuca,Myrtaceae,Anthophyta,0,0,0,0,1,0,0,1,1
Melaleuca rhaphiophylla,Melaleuca,Myrtaceae,Anthophyta,0,0,0,0,1,0,0,1,1
Melaleuca scabra,Melaleuca,Myrtaceae,Anthophyta,0,0,0,0,0,1,1,1,1
Melaleuca sieberi,Melaleuca,Myrtaceae,Anthophyta,0,0,0,0,1,JM,1,1,1
Melaleuca sp.,Melaleuca,Myrtaceae,Anthophyta,1,0,0,0,NA,NA,NA,NA,NA
Melaleuca spathulata,Melaleuca,Myrtaceae,Anthophyta,0,0,0,0,0,0,0,1,1
Melaleuca squarrosa,Melaleuca,Myrtaceae,Anthophyta,0,0,0,0,1,0,1,1,1
Melaleuca thymoides,Melaleuca,Myrtaceae,Anthophyta,0,0,0,0,0,0,0,0,1
Melaleuca uncinata,Melaleuca,Myrtaceae,Anthophyta,0,0,0,0,0,1,1,1,1
Melaleuca viminea,Melaleuca,Myrtaceae,Anthophyta,0,0,0,0,0,0,0,1,1
Melia azedarach,Melia,Meliaceae,Anthophyta,0,0,0,0,1,1,1,1,1
Melicope elleryana,Melicope,Rutaceae,Anthophyta,0,0,0,0,1,1,1,1,1
Melicope xanthoxyloides,Euodia,Rutaceae,Anthophyta,0,0,0,0,NA,1,0,1,0
Microcitrus sp.,Microcitrus,Rutaceae,Anthophyta,1,0,0,0,NA,NA,NA,NA,NA
Myoporum insulare,Myoporum,Scrophulariaceae,Anthophyta,0,0,0,0,0,0,0,1,1
Myoporum montanum,Myoporum,Scrophulariaceae,Anthophyta,0,0,0,0,0,0,1,1,1
Myoporum sp.,Myoporum,Scrophulariaceae,Anthophyta,1,0,0,0,NA,NA,NA,NA,NA
Nauclea orientalis,Nauclea,Rubiaceae,Anthophyta,0,0,0,0,1,1,0,1,1
Notelaea microcarpa,Notelaea,Oleaceae,Anthophyta,0,0,0,0,1,0,1,1,1
Notelaea sp.,Notelaea,Oleaceae,Anthophyta,1,0,0,0,NA,NA,NA,NA,NA
Nuytsia floribunda,Nuytsia,Loranthaceae,Anthophyta,0,0,0,0,1,1,1,1,1
Nuytsia sp.,Nuytsia,Loranthaceae,Anthophyta,1,0,0,0,NA,NA,NA,NA,NA
Olearia argophylla,Olearia,Asteraceae,Anthophyta,0,0,0,0,1,0,1,1,1
Olearia axillaris,Olearia,Asteraceae,Anthophyta,0,0,0,0,0,1,1,1,1
Olearia lirata,Olearia,Asteraceae,Anthophyta,0,0,0,0,0,0,0,1,1
Olearia viscidula,Olearia,Asteraceae,Anthophyta,0,0,0,0,0,0,0,1,1
Opuntia sp.,Opuntia,Cataceae,Anthophyta,1,0,0,0,NA,NA,NA,NA,NA
Owenia sp.,Owenia,Meliaceae,Anthophyta,1,0,0,0,NA,NA,NA,NA,NA
Ozothamnus ferrugineus,Ozothamnus,Asteraceae,Anthophyta,0,0,0,0,0,0,0,1,1
Paraserianthes toona,Paraserianthes,Fabaceae,Anthophyta,0,0,0,1,NA,1,0,0,0
Parsonsia straminea,Parsonsia,Apocynaceae,Anthophyta,0,0,0,0,NA,0,1,1,0
Persoonia elliptica,Persoonia,Proteaceae,Anthophyta,0,0,0,0,1,0,0,1,1
Persoonia longifolia,Persoonia,Proteaceae,Anthophyta,0,0,0,0,0,0,0,1,1
Phebalium sp.,Phebalium,Rutaceae,Anthophyta,1,0,0,0,NA,NA,NA,NA,NA
Pinus radiata,Pinus,Pinaceae,Pinophyta,0,0,0,0,1,1,1,1,1
Pinus sp.,Pinus,Pinaceae,Pinophyta,1,0,0,0,NA,NA,NA,NA,NA
Pittosporum angustifolium,Pittosporum,Pittosporaceae,Anthophyta,0,0,0,0,1,1,0,1,1
Pittosporum phillyreoides,Pittosporum,Pittosporaceae,Anthophyta,0,0,0,0,NA,0,1,1,1
Pittosporum sp.,Pittosporum,Pittosporaceae,Anthophyta,1,0,0,0,NA,NA,NA,NA,NA
Pomaderris aspera,Pomaderris,Rhamnaceae,Anthophyta,0,0,0,0,0,0,1,1,1
Pomaderris racemosa,Pomaderris,Rhamnaceae,Anthophyta,0,0,0,0,NA,0,0,1,0
Pomaderris sp.,Pomaderris,Rhamnaceae,Anthophyta,1,0,0,0,NA,NA,NA,NA,NA
Prostanthera lasianthos,Prostanthera,Lamiaceae,Anthophyta,0,0,0,0,0,0,1,1,1
Psydrax odorata,Psydrax,Rubiaceae,Anthophyta,0,0,0,0,1,1,1,JM,1
Rapanea sp.,Rapanea,Primulaceae,Anthophyta,1,0,0,0,NA,NA,NA,NA,NA
Rhagodia parabolica,Rhagodia,Chenopodiaceae,Anthophyta,0,0,0,0,0,0,0,1,1
Rhagodia sp.,Rhagodia,Chenopodiaceae,Anthophyta,1,0,0,0,NA,NA,NA,NA,NA
Santalum acuminatum,Santalum,Santalaceae,Anthophyta,0,0,0,0,0,1,1,1,1
Santalum sp.,Santalum,Santalaceae,Anthophyta,1,0,0,0,NA,NA,NA,NA,NA
Santalum spicatum,Santalum,Santalaceae,Anthophyta,0,0,0,0,1,1,0,1,1
Schinus sp.,Schinus,Anacardiaceae,Anthophyta,1,0,0,0,NA,NA,NA,NA,NA
Senna artemisioides,Senna,Fabaceae,Anthophyta,0,0,0,1,0,0,1,1,1
Senna sp.,Senna,Fabaceae,Anthophyta,1,0,0,1,NA,NA,NA,NA,NA
Solanum aviculare,Solanum,Solanaceae,Anthophyta,0,0,0,0,0,JM,JM,1,1
Styphelia triflora,Styphelia,Ericaceae,Anthophyta,0,0,0,0,0,0,1,0,1
Syncarpia sp.,Syncarpia,Myrtaceae,Anthophyta,1,0,0,0,NA,NA,NA,NA,NA
Syzygium australe,Syzygium,Myrtaceae,Anthophyta,0,0,0,0,1,1,0,1,1
Syzygium tierneyanum,Syzygium,Myrtaceae,Anthophyta,0,0,0,0,NA,1,0,1,0
Tamarindus sp.,Tamarindus,Fabaceae,Anthophyta,1,0,0,1,NA,NA,NA,NA,NA
Templetonia sp.,Templetonia,Fabaceae,Anthophyta,1,0,0,1,NA,NA,NA,NA,NA
Terminalia microcarpa,Terminalia,Combretaceae,Anthophyta,0,0,0,0,NA,1,0,1,0
Toona ciliata,Toona,Meliaceae,Anthophyta,0,0,0,0,1,1,1,1,1
Trema tomentosa,Trema,Cannabaceae,Anthophyta,0,0,0,0,0,1,1,1,1
Ulex europaeus,Ulex,Fabaceae,Anthophyta,0,0,0,1,0,1,1,1,1
Unknown,Unknown,Unknown,Unknown,0,0,1,0,NA,NA,NA,NA,NA
Unknown shrub,Unknown,Unknown,Unknown,0,0,1,0,NA,NA,NA,NA,NA
Unknown tree,Unknown,Unknown,Unknown,0,0,1,0,NA,NA,NA,NA,NA
Unknown vine,Unknown,Unknown,Unknown,0,0,1,0,NA,NA,NA,NA,NA
Viminaria juncea,Viminaria,Fabaceae,Anthophyta,0,0,0,1,0,0,0,1,1
Westringia eremicola,Westringia,Lamiaceae,Anthophyta,0,0,0,0,0,JM,JM,1,1
Xanthorrhoea preissii,Xanthorrhoea,Xanthorrhoeaceae,Anthophyta,0,0,0,0,0,0,1,1,1
Xanthorrhoea sp.,Xanthorrhoea,Xanthorrhoeaceae,Anthophyta,1,0,0,0,NA,NA,NA,NA,NA
Xylomelum angustifolium,Xylomelum,Proteaceae,Anthophyta,0,0,0,0,1,0,0,1,1
Xylomelum occidentale,Xylomelum,Proteaceae,Anthophyta,0,0,0,0,1,0,0,0,1
